County_slash_Sub_County,Total,Conventional_and_Group_Quarters,Conventional,Group_Quarters,TenureStatus_ConventionalHouseholds_Owned_Number,Owned_pct_Rented_num_Rented_pct_Not_Stated_num,TenureStatus_ConventionalHouseholds_Owned_pct,TenureStatus_ConventionalHouseholds_Rented_Slash_Provided_Number,TenureStatus_ConventionalHouseholds_Rented_Slash_Provided_Pct,TenureStatus_ConventionalHouseholds_Rented_Slash_Provided_Not_Stated_Number,TenureStatus_ConventionalHouseholds_Rented_Slash_Provided_Not_Stated_Pct
MOMBASA,"378,422","376,295 2,127",,,"78,346","20.8 297,830 79.1 119",,,,,0
CHANGAMWE,"46,614","46,439 175",,,"4,531","9.8 41,903 90.2 5",,,,,0
JOMVU,"53,472","53,214 258",,,"14,021","26.3 39,185 73.6 8",,,,,0
KISAUNI,"88,202","88,159 43",,,"25,407","28.8 62,711 71.1 41",,,,,0
LIKONI,"81,191","80,002 1,189",,,"17,401","21.8 62,586 78.2 15",,,,,0
MVITA,"38,995","38,710 285",,,"6,516","16.8 32,172 83.1 22",,,,,0.1
NYALI,"69,948","69,771 177",,,"10,470","15.0 59,273 85.0 28",,,,,0
KWALE,"173,176","172,802 374",,,"133,135","77.0 39,612 22.9 55",,,,,0
KINANGO,"16,043","16,041 2",,,"14,679","91.5 1,359 8.5 3",,,,,0
LUNGALUNGA,"37,366","37,276 90",,,"33,298","89.3 3,973 10.7 5",,,,,0
MATUGA,"39,231","39,124 107",,,"32,740","83.7 6,374 16.3 10",,,,,0
MSAMBWENI,"45,466","45,374 92",,,"23,263","51.3 22,098 48.7 13",,,,,0
SAMBURU,"35,070","34,987 83",,,"29,155","83.3 5,808 16.6 24",,,,,0.1
KILIFI,"298,472","297,990 482",,,"199,451","66.9 98,466 33.0 73",,,,,0
CHONYI,"11,421","11,416 5",,,"11,098",97.2 318 2.8 -,,,,,-
GANZE,"23,258","23,197 61",,,"21,647","93.3 1,538 6.6 12",,,,,0.1
KALOLENI,"36,355","36,344 11",,,"27,636","76.0 8,693 23.9 15",,,,,0
KAUMA,"3,479","3,479 -",,,"3,311",95.2 168 4.8 -,,,,,-
KILIFI NORTH,"39,512","39,508 4",,,"23,143","58.6 16,361 41.4 4",,,,,0
KILIFI SOUTH,"53,074","53,011 63",,,"23,385","44.1 29,620 55.9 6",,,,,0
MAGARINI,"33,017","32,978 39",,,"28,655","86.9 4,314 13.1 9",,,,,0
MALINDI,"73,547","73,317 230",,,"41,731","56.9 31,563 43.1 23",,,,,0
RABAI,"24,809","24,740 69",,,"18,845","76.2 5,891 23.8 4",,,,,0
TANA RIVER,"68,242","66,984 1,258",,,"52,564","78.5 14,383 21.5 37",,,,,0.1
TANA DELTA,"22,791","22,395 396",,,"19,641","87.7 2,744 12.3 10",,,,,0
TANA NORTH,"26,886","26,119 767",,,"18,245","69.9 7,865 30.1 9",,,,,0
TANA RIVER,"18,565","18,470 95",,,"14,678","79.5 3,774 20.4 18",,,,,0.1
LAMU,"37,963","34,231 3,732",,,"23,238","67.9 10,981 32.1 12",,,,,0
LAMU EAST,"5,090","4,476 614",,,"3,289","73.5 1,187 26.5 -",,,,,-
LAMU WEST,"32,873","29,755 3,118",,,"19,949","67.0 9,794 32.9 12",,,,,0
TAITA/TAVETA,"96,429","94,468 1,961",,,"62,688","66.4 31,754 33.6 26",,,,,0
MWATATE,"23,698","23,184 514",,,"16,932","73.0 6,248 26.9 4",,,,,0
TAITA,"15,094","14,985 109",,,"12,467","83.2 2,517 16.8 1",,,,,0
TAVETA,"24,115","23,417 698",,,"15,358","65.6 8,053 34.4 6",,,,,0
VOI,"33,522","32,882 640",,,"17,931","54.5 14,936 45.4 15",,,,,0
GARISSA,"141,394","138,940 2,454",,,"121,453","87.4 17,450 12.6 37",,,,,0
BALAMBALA,"4,337","3,986 351",,,"3,915",98.2 71 1.8 -,,,,,-
DADAAB,"35,793","35,169 624",,,"33,111","94.1 2,048 5.8 10",,,,,0
FAFI,"23,671","23,351 320",,,"22,297","95.5 1,047 4.5 7",,,,,0
GARISSA,"30,518","29,790 728",,,"17,884","60.0 11,892 39.9 14",,,,,0
HULUGHO,"20,254","20,078 176",,,"19,759",98.4 318 1.6 1,,,,,0
IJARA,"18,481","18,296 185",,,"16,577","90.6 1,714 9.4 5",,,,,0
LAGDERA,"8,340","8,270 70",,,"7,910",95.6 360 4.4 -,,,,,-
WAJIR,"127,932","126,878 1,054",,,"120,367","94.9 6,503 5.1 8",,,,,0
BUNA,"6,480","6,480 -",,,"6,327",97.6 153 2.4 -,,,,,-
ELDAS,"13,961","13,862 99",,,"13,711",98.9 151 1.1 -,,,,,-
HABASWEIN,"31,292","31,113 179",,,"29,816","95.8 1,293 4.2 4",,,,,0
TARBAJ,"9,309","9,241 68",,,"9,139",98.9 102 1.1 -,,,,,-
WAJIR EAST,"18,674","18,282 392",,,"14,995","82.0 3,285 18.0 2",,,,,0
WAJIR NORTH,"10,490","10,478 12",,,"9,855",94.1 623 5.9 -,,,,,-
WAJIR SOUTH,"21,364","21,149 215",,,"20,796",98.3 351 1.7 2,,,,,0
WAJIR WEST,"16,362","16,273 89",,,"15,728",96.7 545 3.3 -,,,,,-
MANDERA,"125,763","123,954 1,809",,,"114,521","92.4 9,410 7.6 23",,,,,0
MANDERA WEST,"14,274","14,201 73",,,"13,481",94.9 718 5.1 2,,,,,0
BANISA,"24,285","24,000 285",,,"23,613",98.4 386 1.6 1,,,,,0
KOTULO,"9,446","9,342 104",,,"9,017",96.5 325 3.5 -,,,,,-
LAFEY,"11,597","11,380 217",,,"11,066",97.2 314 2.8 -,,,,,-
MANDERA CENTRAL,"21,140","20,795 345",,,"19,324","92.9 1,451 7.0 20",,,,,0.1
MANDERA EAST,"25,904","25,206 698",,,"19,682","78.1 5,524 21.9 -",,,,,-
MANDERA NORTH,"19,117","19,030 87",,,"18,338",96.4 692 3.6 -,,,,,-
MARSABIT,"77,495","76,689 806",,,"66,082","86.2 10,561 13.8 46",,,,,0.1
LOIYANGALANI,"7,774","7,646 128",,,"7,376",96.5 270 3.5 -,,,,,-
MARSABIT CENTRAL,"15,849","15,658 191",,,"10,880","69.5 4,776 30.5 2",,,,,0
MARSABIT NORTH,"7,521","7,468 53",,,"7,338",98.3 130 1.7 -,,,,,-
MARSABIT SOUTH,"11,615","11,563 52",,,"11,151",96.4 409 3.5 3,,,,,0
MOYALE,"17,709","17,591 118",,,"13,395","76.1 4,194 23.8 2",,,,,0
NORTH HORR,"9,789","9,601 188",,,"9,449",98.4 114 1.2 38,,,,,0.4
SOLOLO,"7,238","7,162 76",,,"6,493",90.7 668 9.3 1,,,,,0
ISIOLO,"58,072","53,217 4,855",,,"38,285","71.9 14,918 28.0 14",,,,,0
GARBATULLA,"18,661","17,047 1,614",,,"15,450","90.6 1,592 9.3 5",,,,,0
ISIOLO,"29,853","27,612 2,241",,,"14,669","53.1 12,934 46.8 9",,,,,0
MERTI,"9,558","8,558 1,000",,,"8,166",95.4 392 4.6 -,,,,,-
MERU,"426,360","423,931 2,429",,,"313,867","74.0 109,916 25.9 148",,,,,0
BUURI EAST,"23,834","23,737 97",,,"17,740","74.7 5,986 25.2 11",,,,,0
BUURI WEST,"27,973","27,905 68",,,"13,216","47.4 14,685 52.6 4",,,,,0
IGEMBE CENTRAL,"52,031","51,848 183",,,"42,208","81.4 9,624 18.6 16",,,,,0
IGEMBE NORTH,"38,871","38,716 155",,,"31,541","81.5 7,158 18.5 17",,,,,0
IGEMBE SOUTH,"43,281","43,222 59",,,"29,694","68.7 13,507 31.3 21",,,,,0
IMENTI NORTH,"57,668","57,556 112",,,"30,338","52.7 27,198 47.3 20",,,,,0
IMENTI SOUTH,"64,186","63,954 232",,,"46,723","73.1 17,221 26.9 10",,,,,0
MERU CENTRAL,"39,595","39,498 97",,,"33,046","83.7 6,436 16.3 16",,,,,0
TIGANIA CENTRAL,"25,039","24,983 56",,,"22,213","88.9 2,767 11.1 3",,,,,0
TIGANIA EAST,"17,185","16,791 394",,,"14,873","88.6 1,900 11.3 18",,,,,0.1
TIGANIA WEST,"36,207","35,402 805",,,"32,080","90.6 3,310 9.3 12",,,,,0
MERU NATIONAL PARK,207,46 161,,,-,- 46 100.0 -,,,,,-
MT. KENYA FOREST,283,273 10,,,195,71.4 78 28.6 -,,,,,-
THARAKA-NITHI,"109,860","109,450 410",,,"90,352","82.6 19,062 17.4 36",,,,,0
IGAMBANG'OMBE,"14,398","14,383 15",,,"12,551","87.3 1,826 12.7 6",,,,,0
MAARA,"35,041","34,779 262",,,"28,925","83.2 5,845 16.8 9",,,,,0
MERU SOUTH,"28,249","28,211 38",,,"20,258","71.8 7,943 28.2 10",,,,,0
THARAKA NORTH,"13,413","13,403 10",,,"12,307","91.8 1,088 8.1 8",,,,,0.1
THARAKA SOUTH,"18,646","18,603 43",,,"16,311","87.7 2,289 12.3 3",,,,,0
MT. KENYA FOREST,113,71 42,,,-,- 71 100.0 -,,,,,-
EMBU,"182,743","182,427 316",,,"133,108","73.0 49,298 27.0 21",,,,,0
EMBU EAST,"39,678","39,586 92",,,"32,844","83.0 6,742 17.0 -",,,,,-
EMBU NORTH,"24,300","24,294 6",,,"20,104","82.8 4,188 17.2 2",,,,,0
EMBU WEST,"43,153","43,126 27",,,"19,840","46.0 23,280 54.0 6",,,,,0
MBEERE SOUTH,"46,065","45,924 141",,,"36,283","79.0 9,630 21.0 11",,,,,0
MBEERE NORTH,"29,528","29,483 45",,,"24,037","81.5 5,444 18.5 2",,,,,0
MT. KENYA FOREST,19,14 5,,,-,- 14 100.0 -,,,,,-
KITUI,"262,942","261,814 1,128",,,"224,626","85.8 37,132 14.2 56",,,,,0
IKUTHA,"16,679","16,579 100",,,"15,115","91.2 1,463 8.8 1",,,,,0
KATULANI,"12,170","12,166 4",,,"11,116","91.4 1,050 8.6 -",,,,,-
KISASI,"10,866","10,860 6",,,"9,812","90.3 1,045 9.6 3",,,,,0
KITUI CENTRAL,"29,057","29,026 31",,,"17,874","61.6 11,150 38.4 2",,,,,0
KITUI WEST,"17,497","17,465 32",,,"15,739","90.1 1,726 9.9 -",,,,,-
KYUSO,"15,993","15,969 24",,,"14,523","90.9 1,443 9.0 3",,,,,0
LOWER YATTA,"15,454","15,021 433",,,"12,978","86.4 2,040 13.6 3",,,,,0
MATINYANI,"11,513","11,497 16",,,"10,973",95.4 524 4.6 -,,,,,-
MIGWANI,"19,096","18,843 253",,,"17,666","93.8 1,169 6.2 8",,,,,0
MUMONI,"6,496","6,451 45",,,"6,039",93.6 411 6.4 1,,,,,0
MUTITU,"11,521","11,490 31",,,"10,579",92.1 894 7.8 17,,,,,0.1
MUTITU NORTH,"4,929","4,929 -",,,"4,437",90.0 491 10.0 1,,,,,0
MUTOMO,"23,044","23,034 10",,,"20,684","89.8 2,346 10.2 4",,,,,0
MWINGI CENTRAL,"26,753","26,745 8",,,"19,301","72.2 7,437 27.8 7",,,,,0
MWINGI EAST,"18,730","18,725 5",,,"17,188","91.8 1,531 8.2 6",,,,,0
NZAMBANI,"11,276","11,276 -",,,"9,778","86.7 1,498 13.3 -",,,,,-
THAGICU,"3,289","3,289 -",,,"3,187",96.9 102 3.1 -,,,,,-
TSEIKURU,"8,579","8,449 130",,,"7,637",90.4 812 9.6 -,,,,,-
MACHAKOS,"402,466","399,523 2,943",,,"257,882","64.5 141,539 35.4 102",,,,,0
ATHI RIVER,"109,735","109,723 12",,,"24,013","21.9 85,645 78.1 65",,,,,0.1
KALAMA,"14,182","14,137 45",,,"12,974","91.8 1,162 8.2 1",,,,,0
KANGUNDO,"26,142","26,115 27",,,"23,963","91.8 2,149 8.2 3",,,,,0
KATHIANI,"28,730","28,730 -",,,"26,630","92.7 2,094 7.3 6",,,,,0
MACHAKOS,"50,979","50,753 226",,,"29,501","58.1 21,246 41.9 6",,,,,0
MASINGA,"36,251","36,196 55",,,"31,913","88.2 4,279 11.8 4",,,,,0
MATUNGULU,"44,454","44,399 55",,,"33,555","75.6 10,838 24.4 6",,,,,0
MWALA,"45,840","45,809 31",,,"40,781","89.0 5,021 11.0 7",,,,,0
YATTA,"46,153","43,661 2,492",,,"34,552","79.1 9,105 20.9 4",,,,,0
MAKUENI,"244,669","243,979 690",,,"198,314","81.3 45,609 18.7 56",,,,,0
KATHONZWENI,"18,365","18,362 3",,,"16,205","88.3 2,153 11.7 4",,,,,0
KIBWEZI,"47,912","47,594 318",,,"36,202","76.1 11,379 23.9 13",,,,,0
KILUNGU,"14,586","14,563 23",,,"13,933",95.7 626 4.3 4,,,,,0
MAKINDU,"21,756","21,662 94",,,"15,374","71.0 6,280 29.0 8",,,,,0
MAKUENI,"34,479","34,352 127",,,"24,768","72.1 9,580 27.9 4",,,,,0
MBOONI EAST,"23,734","23,724 10",,,"21,629","91.2 2,094 8.8 1",,,,,0
MBOONI WEST,"24,833","24,807 26",,,"23,134","93.3 1,670 6.7 3",,,,,0
MUKAA,"28,185","28,109 76",,,"22,229","79.1 5,871 20.9 9",,,,,0
NZAUI,"30,819","30,806 13",,,"24,840","80.6 5,956 19.3 10",,,,,0
NYANDARUA,"179,686","178,224 1,462",,,"124,463","69.8 53,734 30.1 27",,,,,0
KINANGOP,"30,970","30,847 123",,,"21,230","68.8 9,613 31.2 4",,,,,0
NYANDARUA SOUTH,"25,822","25,650 172",,,"17,554","68.4 8,094 31.6 2",,,,,0
MIRANGINE,"18,816","17,880 936",,,"12,755","71.3 5,123 28.7 2",,,,,0
KIPIPIRI,"25,200","25,077 123",,,"20,282","80.9 4,787 19.1 8",,,,,0
NYANDARUA CENTRAL,"21,942","21,852 90",,,"12,843","58.8 9,007 41.2 2",,,,,0
NYANDARUA WEST,"29,008","29,003 5",,,"18,510","63.8 10,489 36.2 4",,,,,0
NYANDARUA NORTH,"27,917","27,906 11",,,"21,289","76.3 6,612 23.7 5",,,,,0
ABERDARE NATIONAL PARK,11,9 2,,,-,- 9 100.0 -,,,,,-
NYERI,"248,050","244,564 3,486",,,"163,617","66.9 80,917 33.1 30",,,,,0
TETU,"24,139","24,122 17",,,"21,134","87.6 2,987 12.4 1",,,,,0
KIENI EAST,"36,835","36,751 84",,,"19,749","53.7 16,997 46.2 5",,,,,0
KIENI WEST,"27,619","27,530 89",,,"19,249","69.9 8,276 30.1 5",,,,,0
MATHIRA EAST,"35,044","33,945 1,099",,,"21,506","63.4 12,437 36.6 2",,,,,0
MATHIRA WEST,"19,020","18,892 128",,,"16,647","88.1 2,242 11.9 3",,,,,0
NYERI SOUTH,"28,228","28,103 125",,,"22,149","78.8 5,952 21.2 2",,,,,0
MUKURWE-INI,"27,040","27,036 4",,,"24,284","89.8 2,750 10.2 2",,,,,0
NYERI CENTRAL,"49,945","48,036 1,909",,,"18,872","39.3 29,154 60.7 10",,,,,0
MT. KENYA FOREST,101,101 -,,,27,26.7 74 73.3 -,,,,,-
ABERDARE FOREST,79,48 31,,,-,- 48 100.0 -,,,,,-
KIRINYAGA,"204,188","203,576 612",,,"142,225","69.9 61,325 30.1 26",,,,,0
KIRINYAGA CENTRAL,"40,225","40,149 76",,,"29,577","73.7 10,570 26.3 2",,,,,0
KIRINYAGA EAST,"44,571","44,509 62",,,"36,758","82.6 7,739 17.4 12",,,,,0
KIRINYAGA WEST,"38,309","37,951 358",,,"27,121","71.5 10,827 28.5 3",,,,,0
MWEA EAST,"46,340","46,331 9",,,"24,871","53.7 21,452 46.3 8",,,,,0
MWEA WEST,"34,720","34,613 107",,,"23,898","69.0 10,714 31.0 1",,,,,0
MT. KENYA FOREST,23,23 -,,,-,- 23 100.0 -,,,,,-
MURANG'A,"318,105","317,496 609",,,"242,262","76.3 75,177 23.7 57",,,,,0
MURANG'A EAST,"34,734","34,650 84",,,"22,256","64.2 12,390 35.8 4",,,,,0
KANGEMA,"25,293","25,283 10",,,"21,231","84.0 4,052 16.0 -",,,,,-
MATHIOYA,"28,400","28,372 28",,,"24,509","86.4 3,858 13.6 5",,,,,0
KAHURO,"26,930","26,778 152",,,"24,170","90.3 2,604 9.7 4",,,,,0
MURANG'A SOUTH,"55,998","55,878 120",,,"38,345","68.6 17,518 31.4 15",,,,,0
GATANGA,"55,461","55,340 121",,,"38,246","69.1 17,085 30.9 9",,,,,0
KIGUMO,"40,552","40,528 24",,,"32,237","79.5 8,282 20.4 9",,,,,0
KANDARA,"50,704","50,657 47",,,"41,268","81.5 9,378 18.5 11",,,,,0
ABERDARE FOREST,33,10 23,,,-,- 10 100.0 -,,,,,-
KIAMBU,"795,241","792,333 2,908",,,"294,040","37.1 498,012 62.9 281",,,,,0
GATUNDU NORTH,"31,472","31,452 20",,,"24,970","79.4 6,475 20.6 7",,,,,0
GATUNDU SOUTH,"35,609","35,577 32",,,"28,120","79.0 7,442 20.9 15",,,,,0
GITHUNGURI,"49,426","49,414 12",,,"35,436","71.7 13,963 28.3 15",,,,,0
JUJA,"104,301","104,042 259",,,"30,347","29.2 73,652 70.8 43",,,,,0
KABETE,"66,710","66,681 29",,,"23,937","35.9 42,720 64.1 24",,,,,0
KIAMBAA,"80,332","80,316 16",,,"24,745","30.8 55,535 69.1 36",,,,,0
KIAMBU,"47,275","46,816 459",,,"15,786","33.7 31,003 66.2 27",,,,,0.1
KIKUYU,"60,686","60,619 67",,,"24,005","39.6 36,606 60.4 8",,,,,0
LARI,"38,592","38,585 7",,,"25,647","66.5 12,933 33.5 5",,,,,0
LIMURU,"49,174","49,096 78",,,"22,447","45.7 26,637 54.3 12",,,,,0
RUIRU,"129,470","127,910 1,560",,,"20,435","16.0 107,423 84.0 52",,,,,0
THIKA EAST,"12,736","12,736 -",,,"5,987","47.0 6,743 52.9 6",,,,,0
THIKA WEST,"89,458","89,089 369",,,"12,178","13.7 76,880 86.3 31",,,,,0
TURKANA,"164,519","162,627 1,892",,,"137,157","84.3 25,351 15.6 119",,,,,0.1
KIBISH,"5,805","5,699 106",,,"5,651",99.2 48 0.8 -,,,,,-
LOIMA,"19,438","19,139 299",,,"18,864",98.6 255 1.3 20,,,,,0.1
TURKANA CENTRAL,"38,173","37,917 256",,,"28,484","75.1 9,422 24.8 11",,,,,0
TURKANA EAST,"17,981","17,887 94",,,"17,396",97.3 473 2.6 18,,,,,0.1
TURKANA NORTH,"13,119","12,964 155",,,"12,482",96.3 481 3.7 1,,,,,0
TURKANA SOUTH,"24,552","24,281 271",,,"20,968","86.4 3,300 13.6 13",,,,,0.1
TURKANA WEST,"45,451","44,740 711",,,"33,312","74.5 11,372 25.4 56",,,,,0.1
WEST POKOT,"116,182","115,761 421",,,"101,538","87.7 14,192 12.3 31",,,,,0
KIPKOMO,"18,370","18,367 3",,,"15,894","86.5 2,473 13.5 -",,,,,-
POKOT CENTRAL,"21,850","21,784 66",,,"20,732","95.2 1,048 4.8 4",,,,,0
POKOT NORTH,"25,804","25,736 68",,,"24,640","95.7 1,079 4.2 17",,,,,0.1
POKOT SOUTH,"13,817","13,752 65",,,"12,693","92.3 1,059 7.7 -",,,,,-
WEST POKOT,"36,341","36,122 219",,,"27,579","76.3 8,533 23.6 10",,,,,0
SAMBURU,"65,910","63,951 1,959",,,"54,402","85.1 9,543 14.9 6",,,,,0
SAMBURU CENTRAL,"34,202","33,720 482",,,"27,041","80.2 6,675 19.8 4",,,,,0
SAMBURU EAST,"18,424","17,307 1,117",,,"15,358","88.7 1,949 11.3 -",,,,,-
SAMBURU NORTH,"13,284","12,924 360",,,"12,003",92.9 919 7.1 2,,,,,0
TRANS NZOIA,"223,808","222,989 819",,,"150,986","67.7 71,976 32.3 27",,,,,0
TRANS NZOIA WEST,"47,603","47,576 27",,,"24,745","52.0 22,818 48.0 13",,,,,0
TRANS NZOIA EAST,"50,017","49,955 62",,,"38,841","77.8 11,112 22.2 2",,,,,0
KWANZA,"45,752","45,599 153",,,"32,892","72.1 12,703 27.9 4",,,,,0
ENDEBESS,"23,705","23,246 459",,,"17,323","74.5 5,921 25.5 2",,,,,0
KIMININI,"56,731","56,613 118",,,"37,185","65.7 19,422 34.3 6",,,,,0
UASIN GISHU,"304,943","301,110 3,833",,,"153,094","50.8 147,951 49.1 65",,,,,0
AINABKOI,"34,892","34,862 30",,,"18,637","53.5 16,218 46.5 7",,,,,0
KAPSERET,"59,746","59,678 68",,,"18,690","31.3 40,966 68.6 22",,,,,0
KESSES,"34,653","34,623 30",,,"24,512","70.8 10,104 29.2 7",,,,,0
MOIBEN,"46,729","46,602 127",,,"24,383","52.3 22,214 47.7 5",,,,,0
SOY,"53,784","53,758 26",,,"35,993","67.0 17,758 33.0 7",,,,,0
TURBO,"75,139","71,587 3,552",,,"30,879","43.1 40,691 56.8 17",,,,,0
ELGEYO/MARAKWET,"99,861","99,119 742",,,"81,228","81.9 17,868 18.0 23",,,,,0
KEIYO NORTH,"21,947","21,749 198",,,"16,597","76.3 5,146 23.7 6",,,,,0
KEIYO SOUTH,"27,029","26,740 289",,,"22,984","86.0 3,750 14.0 6",,,,,0
MARAKWET EAST,"21,362","21,123 239",,,"18,654","88.3 2,468 11.7 1",,,,,0
MARAKWET WEST,"29,523","29,507 16",,,"22,993","77.9 6,504 22.0 10",,,,,0
NANDI,"199,426","199,040 386",,,"156,477","78.6 42,536 21.4 27",,,,,0
CHESUMEI,"39,051","39,011 40",,,"28,645","73.4 10,363 26.6 3",,,,,0
NANDI CENTRAL,"34,400","34,247 153",,,"25,900","75.6 8,346 24.4 1",,,,,0
NANDI EAST,"29,253","29,249 4",,,"16,813","57.5 12,427 42.5 9",,,,,0
NANDI NORTH,"35,297","35,257 40",,,"32,065","90.9 3,185 9.0 7",,,,,0
NANDI SOUTH,"37,094","37,038 56",,,"32,931","88.9 4,105 11.1 2",,,,,0
TINDERET,"24,331","24,238 93",,,"20,123","83.0 4,110 17.0 5",,,,,0
BARINGO,"142,518","141,877 641",,,"113,578","80.1 28,282 19.9 17",,,,,0
BARINGO CENTRAL,"23,555","23,523 32",,,"17,167","73.0 6,352 27.0 4",,,,,0
BARINGO NORTH,"23,500","23,345 155",,,"21,193","90.8 2,151 9.2 1",,,,,0
EAST POKOT,"14,498","14,392 106",,,"13,750",95.5 642 4.5 -,,,,,-
KOIBATEK,"30,774","30,752 22",,,"20,125","65.4 10,622 34.5 5",,,,,0
MARIGAT,"19,854","19,658 196",,,"15,064","76.6 4,590 23.3 4",,,,,0
MOGOTIO,"18,184","18,169 15",,,"14,836","81.7 3,333 18.3 -",,,,,-
TIATY EAST,"12,153","12,038 115",,,"11,443",95.1 592 4.9 3,,,,,0
LAIKIPIA,"149,271","145,776 3,495",,,"88,923","61.0 56,835 39.0 18",,,,,0
LAIKIPIA CENTRAL,"30,372","29,877 495",,,"18,707","62.6 11,165 37.4 5",,,,,0
LAIKIPIA EAST,"33,505","31,311 2,194",,,"14,013","44.8 17,295 55.2 3",,,,,0
LAIKIPIA NORTH,"7,752","7,694 58",,,"6,600","85.8 1,093 14.2 1",,,,,0
LAIKIPIA WEST,"33,025","32,821 204",,,"24,232","73.8 8,582 26.1 7",,,,,0
NYAHURURU,"44,617","44,073 544",,,"25,371","57.6 18,700 42.4 2",,,,,0
NAKURU,"616,046","598,237 17,809",,,"275,360","46.0 322,763 54.0 114",,,,,0
GILGIL,"58,920","49,405 9,515",,,"26,371","53.4 23,021 46.6 13",,,,,0
KURESOI NORTH,"40,359","40,168 191",,,"31,366","78.1 8,795 21.9 7",,,,,0
KURESOI SOUTH,"34,627","34,543 84",,,"27,764","80.4 6,777 19.6 2",,,,,0
MOLO,"41,462","41,439 23",,,"23,440","56.6 17,995 43.4 4",,,,,0
NAIVASHA,"117,633","111,493 6,140",,,"33,504","30.1 77,962 69.9 27",,,,,0
NAKURU EAST,"61,398","60,066 1,332",,,"9,659","16.1 50,388 83.9 19",,,,,0
NAKURU NORTH,"61,728","61,582 146",,,"29,591","48.1 31,977 51.9 14",,,,,0
NAKURU WEST,"64,481","64,429 52",,,"9,867","15.3 54,557 84.7 5",,,,,0
NJORO,"61,271","61,156 115",,,"38,198","62.5 22,949 37.5 9",,,,,0
RONGAI,"52,348","52,248 100",,,"29,297","56.1 22,944 43.9 7",,,,,0
SUBUKIA,"21,819","21,708 111",,,"16,303","75.1 5,398 24.9 7",,,,,0
NAROK,"241,125","238,115 3,010",,,"183,078","76.9 54,964 23.1 73",,,,,0
NAROK EAST,"25,078","24,860 218",,,"18,264","73.5 6,594 26.5 2",,,,,0
NAROK NORTH,"59,996","59,802 194",,,"32,796","54.8 26,982 45.1 24",,,,,0
NAROK SOUTH,"46,723","46,549 174",,,"41,116","88.3 5,423 11.7 10",,,,,0
NAROK WEST,"38,658","37,782 876",,,"34,125","90.3 3,648 9.7 9",,,,,0
TRANS MARA EAST,"20,506","20,439 67",,,"19,832",97.0 602 2.9 5,,,,,0
TRANS MARA WEST,"50,132","48,683 1,449",,,"36,945","75.9 11,715 24.1 23",,,,,0
MAU FOREST,32,-32,,,-,- - - -,,,,,-
KAJIADO,"316,179","313,218 2,961",,,"127,223","40.6 185,863 59.3 132",,,,,0
ISINYA,"71,579","71,395 184",,,"12,686","17.8 58,651 82.2 58",,,,,0.1
KAJIADO CENTRAL,"37,238","37,059 179",,,"23,991","64.7 13,062 35.2 6",,,,,0
KAJIADO NORTH,"101,378","100,908 470",,,"19,017","18.8 81,846 81.1 45",,,,,0
KAJIADO WEST,"42,774","42,367 407",,,"29,966","70.7 12,386 29.2 15",,,,,0
LOITOKITOK,"47,058","45,581 1,477",,,"32,205","70.7 13,370 29.3 6",,,,,0
MASHUURU,"16,152","15,908 244",,,"9,358","58.8 6,548 41.2 2",,,,,0
KERICHO,"206,036","205,932 104",,,"152,990","74.3 52,873 25.7 69",,,,,0
BELGUT,"35,012","34,978 34",,,"24,452","69.9 10,519 30.1 7",,,,,0
BURETI,"43,117","43,098 19",,,"35,020","81.3 8,073 18.7 5",,,,,0
KERICHO EAST,"44,246","44,246 -",,,"23,449","53.0 20,768 46.9 29",,,,,0.1
KIPKELION,"24,688","24,676 12",,,"22,539","91.3 2,125 8.6 12",,,,,0
LONDIANI,"31,778","31,739 39",,,"23,558","74.2 8,171 25.7 10",,,,,0
SOIN SIGOWET,"27,195","27,195 -",,,"23,972","88.1 3,217 11.8 6",,,,,0
BOMET,"187,641","187,230 411",,,"155,576","83.1 31,630 16.9 24",,,,,0
BOMET EAST,"29,958","29,897 61",,,"27,472","91.9 2,420 8.1 5",,,,,0
CHEPALUNGU,"33,931","33,850 81",,,"32,715","96.6 1,131 3.3 4",,,,,0
KONOIN,"38,178","38,123 55",,,"24,381","64.0 13,736 36.0 6",,,,,0
SOTIK,"47,315","47,265 50",,,"41,107","87.0 6,153 13.0 5",,,,,0
BOMET CENTRAL,"38,259","38,095 164",,,"29,901","78.5 8,190 21.5 4",,,,,0
KAKAMEGA,"433,207","432,284 923",,,"369,381","85.4 62,765 14.5 138",,,,,0
BUTERE,"36,243","36,243 -",,,"33,817","93.3 2,422 6.7 4",,,,,0
KAKAMEGA CENTRAL,"52,015","51,956 59",,,"28,145","54.2 23,790 45.8 21",,,,,0
KAKAMEGA EAST,"39,589","39,589 -",,,"35,942","90.8 3,602 9.1 45",,,,,0.1
KAKAMEGA NORTH,"51,083","50,952 131",,,"45,870","90.0 5,063 9.9 19",,,,,0
KAKAMEGA SOUTH,"26,964","26,940 24",,,"25,580","95.0 1,353 5.0 7",,,,,0
KHWISERO,"27,681","27,681 -",,,"26,168","94.5 1,510 5.5 3",,,,,0
LIKUYANI,"35,322","34,776 546",,,"27,929","80.3 6,842 19.7 5",,,,,0
LUGARI,"27,862","27,817 45",,,"23,853","85.7 3,959 14.2 5",,,,,0
MATETE,"13,956","13,956 -",,,"12,736","91.3 1,220 8.7 -",,,,,-
MATUNGU,"36,457","36,414 43",,,"33,837","92.9 2,569 7.1 8",,,,,0
MUMIAS EAST,"26,049","25,995 54",,,"23,768","91.4 2,223 8.6 4",,,,,0
MUMIAS WEST,"27,671","27,650 21",,,"20,683","74.8 6,957 25.2 10",,,,,0
NAVAKHOLO,"32,315","32,315 -",,,"31,053","96.1 1,255 3.9 7",,,,,0
VIHIGA,"143,365","143,288 77",,,"126,261","88.1 16,993 11.9 34",,,,,0
EMUHAYA,"23,804","23,803 1",,,"22,471","94.4 1,325 5.6 7",,,,,0
VIHIGA,"23,375","23,359 16",,,"19,729","84.5 3,622 15.5 8",,,,,0
SABATIA,"31,422","31,391 31",,,"26,951","85.9 4,434 14.1 6",,,,,0
LUANDA,"26,766","26,766 -",,,"23,635","88.3 3,123 11.7 8",,,,,0
HAMISI,"37,986","37,965 21",,,"33,475","88.2 4,485 11.8 5",,,,,0
KAKAMEGA FOREST,12,4 8,,,-,- 4 100.0 -,,,,,-
BUNGOMA,"358,796","357,714 1,082",,,"293,353","82.0 64,317 18.0 44",,,,,0
BUMULA,"44,954","44,922 32",,,"42,150","93.8 2,770 6.2 2",,,,,0
BUNGOMA CENTRAL,"37,803","37,535 268",,,"32,160","85.7 5,374 14.3 1",,,,,0
BUNGOMA EAST,"24,873","24,798 75",,,"20,258","81.7 4,536 18.3 4",,,,,0
BUNGOMA NORTH,"24,998","24,940 58",,,"22,030","88.3 2,905 11.6 5",,,,,0
BUNGOMA SOUTH,"69,151","69,088 63",,,"43,753","63.3 25,330 36.7 5",,,,,0
CHEPTAIS,"26,326","26,007 319",,,"22,950","88.2 3,052 11.7 5",,,,,0
KIMILILI,"35,263","35,053 210",,,"28,006","79.9 7,044 20.1 3",,,,,0
MT ELGON,"15,276","15,230 46",,,"13,082","85.9 2,144 14.1 4",,,,,0
BUNGOMA WEST,"25,172","25,166 6",,,"22,830","90.7 2,329 9.3 7",,,,,0
TONGAREN,"21,343","21,343 -",,,"18,731","87.8 2,606 12.2 6",,,,,0
WEBUYE WEST,"32,839","32,834 5",,,"26,611","81.0 6,221 18.9 2",,,,,0
MT. ELGON FOREST,798,798 -,,,792,99.2 6 0.8 -,,,,,-
BUSIA,"198,152","197,944 208",,,"161,775","81.7 36,137 18.3 32",,,,,0
BUNYALA,"19,039","19,028 11",,,"14,906","78.3 4,120 21.7 2",,,,,0
BUSIA,"33,160","33,152 8",,,"22,664","68.4 10,472 31.6 16",,,,,0
BUTULA,"32,213","32,199 14",,,"28,961","89.9 3,235 10.0 3",,,,,0
NAMBALE,"23,892","23,889 3",,,"21,067","88.2 2,818 11.8 4",,,,,0
SAMIA,"23,884","23,813 71",,,"21,552","90.5 2,261 9.5 -",,,,,-
TESO NORTH,"29,395","29,314 81",,,"23,404","79.8 5,908 20.2 2",,,,,0
TESO SOUTH,"36,569","36,549 20",,,"29,221","80.0 7,323 20.0 5",,,,,0
SIAYA,"250,698","249,341 1,357",,,"202,274","81.1 46,969 18.8 98",,,,,0
SIAYA,"57,553","57,386 167",,,"45,942","80.1 11,408 19.9 36",,,,,0.1
GEM,"44,884","44,696 188",,,"39,766","89.0 4,915 11.0 15",,,,,0
UGENYA,"33,565","33,554 11",,,"29,926","89.2 3,622 10.8 6",,,,,0
UGUNJA,"26,328","26,321 7",,,"22,008","83.6 4,311 16.4 2",,,,,0
BONDO,"51,362","50,454 908",,,"32,584","64.6 17,851 35.4 19",,,,,0
RARIEDA,"37,006","36,930 76",,,"32,048","86.8 4,862 13.2 20",,,,,0.1
KISUMU,"300,745","296,846 3,899",,,"176,699","59.5 120,033 40.4 114",,,,,0
KISUMU EAST,"61,871","61,499 372",,,"24,181","39.3 37,293 60.6 25",,,,,0
KISUMU CENTRAL,"52,331","52,163 168",,,"6,148","11.8 45,990 88.2 25",,,,,0
KISUMU WEST,"45,933","42,785 3,148",,,"28,458","66.5 14,310 33.4 17",,,,,0
SEME,"29,404","29,404 -",,,"26,793","91.1 2,608 8.9 3",,,,,0
MUHORONI,"37,193","36,982 211",,,"27,362","74.0 9,604 26.0 16",,,,,0
NYANDO,"38,460","38,460 -",,,"31,994","83.2 6,452 16.8 14",,,,,0
NYAKACH,"35,553","35,553 -",,,"31,763","89.3 3,776 10.6 14",,,,,0
HOMA BAY,"262,036","260,290 1,746",,,"211,772","81.4 48,472 18.6 46",,,,,0
HOMA BAY,"29,318","28,471 847",,,"17,013","59.8 11,451 40.2 7",,,,,0
NDHIWA,"48,062","47,956 106",,,"43,149","90.0 4,801 10.0 6",,,,,0
RACHUONYO NORTH,"41,809","41,661 148",,,"36,831","88.4 4,818 11.6 12",,,,,0
RACHUONYO EAST,"27,319","27,229 90",,,"24,870","91.3 2,357 8.7 2",,,,,0
RACHUONYO SOUTH,"30,990","30,693 297",,,"24,139","78.6 6,550 21.3 4",,,,,0
RANGWE,"27,003","26,983 20",,,"24,985","92.6 1,995 7.4 3",,,,,0
SUBA NORTH,"29,766","29,662 104",,,"20,095","67.7 9,563 32.2 4",,,,,0
SUBA SOUTH,"27,769","27,635 134",,,"20,690","74.9 6,937 25.1 8",,,,,0
MIGORI,"240,168","238,133 2,035",,,"188,705","79.2 49,346 20.7 82",,,,,0
AWENDO,"27,033","27,014 19",,,"20,311","75.2 6,690 24.8 13",,,,,0
KURIA EAST,"17,363","17,267 96",,,"16,329",94.6 932 5.4 6,,,,,0
KURIA WEST,"39,781","39,723 58",,,"30,772","77.5 8,938 22.5 13",,,,,0
NYATIKE,"40,257","39,358 899",,,"31,551","80.2 7,794 19.8 13",,,,,0
RONGO,"29,087","29,007 80",,,"21,997","75.8 7,005 24.1 5",,,,,0
SUNA EAST,"27,302","27,214 88",,,"20,309","74.6 6,890 25.3 15",,,,,0.1
SUNA WEST,"29,251","28,839 412",,,"20,638","71.6 8,198 28.4 3",,,,,0
URIRI,"30,094","29,711 383",,,"26,798","90.2 2,899 9.8 14",,,,,0
KISII,"308,054","307,254 800",,,"255,080","83.0 52,130 17.0 44",,,,,0
ETAGO,"18,610","18,610 -",,,"17,382","93.4 1,225 6.6 3",,,,,0
GUCHA,"19,657","19,621 36",,,"17,178","87.5 2,438 12.4 5",,,,,0
GUCHA SOUTH,"19,732","19,627 105",,,"17,769","90.5 1,851 9.4 7",,,,,0
KENYENYA,"30,989","30,985 4",,,"27,477","88.7 3,505 11.3 3",,,,,0
KISII CENTRAL,"44,311","44,037 274",,,"28,557","64.8 15,476 35.1 4",,,,,0
KISII SOUTH,"31,696","31,574 122",,,"28,140","89.1 3,432 10.9 2",,,,,0
KITUTU CENTRAL,"41,271","41,233 38",,,"24,986","60.6 16,236 39.4 11",,,,,0
MARANI,"26,186","26,133 53",,,"24,978","95.6 1,150 4.4 5",,,,,0
MASABA SOUTH,"29,232","29,206 26",,,"26,246","89.9 2,958 10.1 2",,,,,0
NYAMACHE,"30,712","30,583 129",,,"28,092","91.9 2,490 8.1 1",,,,,0
SAMETA,"15,658","15,645 13",,,"14,275","91.2 1,369 8.8 1",,,,,0
NYAMIRA,"150,669","150,499 170",,,"128,713","85.5 21,767 14.5 19",,,,,0
BORABU,"19,468","19,404 64",,,"11,035","56.9 8,368 43.1 1",,,,,0
MANGA,"23,869","23,836 33",,,"21,457","90.0 2,376 10.0 3",,,,,0
MASABA NORTH,"27,913","27,904 9",,,"24,817","88.9 3,082 11.0 5",,,,,0
NYAMIRA NORTH,"40,446","40,396 50",,,"37,045","91.7 3,349 8.3 2",,,,,0
NYAMIRA SOUTH,"38,973","38,959 14",,,"34,359","88.2 4,592 11.8 8",,,,,0
NAIROBI CITY,"1,506,888","1,494,676 12,212",,,"138,976","9.3 1,354,882 90.6 818",,,,,0.1
DAGORETTI,"155,089","154,949 140",,,"13,940","9.0 140,898 90.9 111",,,,,0.1
EMBAKASI,"347,955","346,462 1,493",,,"17,809","5.1 328,498 94.8 155",,,,,0
KAMUKUNJI,"84,365","83,680 685",,,"3,757","4.5 79,869 95.4 54",,,,,0.1
KASARANI,"271,290","268,611 2,679",,,"22,367","8.3 246,121 91.6 123",,,,,0
KIBRA,"61,690","61,651 39",,,"6,120","9.9 55,504 90.0 27",,,,,0
LANG'ATA,"62,239","60,187 2,052",,,"12,299","20.4 47,853 79.5 35",,,,,0.1
MAKADARA,"70,361","70,080 281",,,"4,499","6.4 65,557 93.5 24",,,,,0
MATHARE,"74,967","74,967 -",,,"2,138","2.9 72,778 97.1 51",,,,,0.1
NJIRU,"204,563","204,492 71",,,"35,066","17.1 169,306 82.8 120",,,,,0.1
STAREHE,"69,389","66,108 3,281",,,"3,928","5.9 62,111 94.0 69",,,,,0.1
WESTLANDS,"104,980","103,489 1,491",,,"17,053","16.5 86,387 83.5 49",,,,,0